{"n_estimators": 241, "learning_rate": 0.0631432385872008, "max_depth": 20, "min_samples_split": 9, "min_samples_leaf": 11, "subsample": 0.8932380692490458, "max_features": 6}