{"n_estimators": 87, "learning_rate": 0.06425585495168594, "max_depth": 5, "min_samples_split": 3, "min_samples_leaf": 17, "subsample": 0.8558022922429249, "max_features": 75}